{
    "1618500874": {
        "user_id": 1618500874,
        "username": "shfli",
        "balance": 2088245507,
        "last_daily": "2025-05-30T23:09:33.521448",
        "games_played": 87,
        "total_won": 701187,
        "total_lost": 1083330,
        "deposit_history": [],
        "withdraw_history": [],
        "luck": 1.0
    },
    "7675299092": {
        "user_id": 7675299092,
        "username": "usermainov",
        "balance": 3999373100,
        "last_daily": "2025-05-30T23:13:05.772567",
        "games_played": 33,
        "total_won": 1238020,
        "total_lost": 1336010,
        "deposit_history": [],
        "withdraw_history": [
            {
                "amount": 5000,
                "date": "2025-05-30T23:16:57.256078"
            }
        ],
        "luck": 1.0
    },
    "5519412204": {
        "user_id": 5519412204,
        "username": "kbrushaa",
        "balance": 999999556000,
        "last_daily": null,
        "games_played": 54,
        "total_won": 631915,
        "total_lost": 680240,
        "deposit_history": [],
        "withdraw_history": [
            {
                "amount": 5000,
                "date": "2025-05-30T23:16:59.459157"
            }
        ],
        "luck": 1.0
    },
    "1902200131": {
        "user_id": 1902200131,
        "username": "overinternet",
        "balance": 10000000000000000,
        "last_daily": "2025-05-28T19:36:05.229803",
        "games_played": 25,
        "total_won": 185,
        "total_lost": 1170,
        "deposit_history": [],
        "withdraw_history": [],
        "luck": 1.0
    },
    "5871054573": {
        "user_id": 5871054573,
        "username": "WonderfulMannn",
        "balance": 10000000000000000,
        "last_daily": "2025-05-28T19:41:38.250282",
        "games_played": 14,
        "total_won": 915,
        "total_lost": 1400,
        "deposit_history": [],
        "withdraw_history": [],
        "luck": 1.0
    },
    "6602207561": {
        "user_id": 6602207561,
        "username": "Skekdjr",
        "balance": 10000000000000000,
        "last_daily": "2025-05-28T19:44:11.597403",
        "games_played": 8,
        "total_won": 0,
        "total_lost": 1100,
        "deposit_history": [],
        "withdraw_history": [],
        "luck": 1.0
    },
    "1248523247": {
        "user_id": 1248523247,
        "username": "w210w",
        "balance": 10000000999817852,
        "last_daily": null,
        "games_played": 49,
        "total_won": 20352,
        "total_lost": 181970,
        "deposit_history": [],
        "withdraw_history": [
            {
                "amount": 5000,
                "date": "2025-05-30T22:53:15.877116"
            }
        ],
        "luck": 1.0
    },
    "1123103224": {
        "user_id": 1123103224,
        "username": "theprosecutorssecret",
        "balance": 25999890100,
        "last_daily": "2025-05-30T22:46:48.930220",
        "games_played": 2,
        "total_won": 0,
        "total_lost": 105000,
        "deposit_history": [],
        "withdraw_history": [
            {
                "amount": 1000,
                "date": "2025-05-30T22:42:51.317180"
            },
            {
                "amount": 5000,
                "date": "2025-05-30T22:51:26.706891"
            }
        ],
        "luck": 1.0
    },
    "8140100930": {
        "user_id": 8140100930,
        "username": "asquet",
        "balance": 5,
        "last_daily": null,
        "games_played": 15,
        "total_won": 5975,
        "total_lost": 4720,
        "deposit_history": [],
        "withdraw_history": [],
        "luck": 1.0
    }
}